<PAMDataset>
  <Metadata>
    <MDI key="DataType">Generic</MDI>
  </Metadata>
  <PAMRasterBand band="1">
    <Histograms>
      <HistItem>
        <HistMin>0</HistMin>
        <HistMax>584</HistMax>
        <BucketCount>256</BucketCount>
        <IncludeOutOfRange>1</IncludeOutOfRange>
        <Approximate>0</Approximate>
        <HistCounts>874|0|0|0|0|0|0|0|0|0|0|0|0|0|0|0|13679|0|0|0|0|0|0|0|0|0|0|1002265|0|0|0|0|0|0|203600|0|0|0|0|9898|0|59297|1169|478|0|0|0|0|0|0|0|0|0|0|0|0|0|885|14987|0|0|0|0|0|0|0|0|0|0|0|0|0|0|0|0|0|0|0|0|0|0|0|0|0|0|0|38184|0|0|255761|11391|0|0|0|0|0|0|0|0|0|0|0|0|124560|0|0|0|0|0|0|0|0|0|0|0|0|0|0|0|0|0|0|0|0|0|0|0|0|0|0|0|0|0|0|0|0|0|0|0|0|0|0|0|0|0|0|0|0|16602|0|0|0|0|0|0|0|0|0|0|0|0|0|0|4558|0|0|0|0|0|0|2673|0|0|0|0|0|0|0|0|0|0|0|0|0|0|0|0|0|0|0|0|0|0|0|449|0|0|65506|0|0|0|0|0|0|0|0|0|0|0|0|0|0|0|0|0|0|0|0|0|0|0|0|0|0|0|0|0|0|0|0|0|0|0|0|0|0|0|0|0|0|0|33246|22034|155334|438|4523|53|16254|4911|0|0|13634|2682456|241950|593753|112618</HistCounts>
      </HistItem>
    </Histograms>
    <GDALRasterAttributeTable>
      <FieldDefn index="0">
        <Name>Rowid</Name>
        <Type>0</Type>
        <Usage>0</Usage>
      </FieldDefn>
      <FieldDefn index="1">
        <Name>VALUE</Name>
        <Type>0</Type>
        <Usage>0</Usage>
      </FieldDefn>
      <FieldDefn index="2">
        <Name>COUNT</Name>
        <Type>0</Type>
        <Usage>0</Usage>
      </FieldDefn>
      <Row index="0">
        <F>0</F>
        <F>0</F>
        <F>874</F>
      </Row>
      <Row index="1">
        <F>1</F>
        <F>38</F>
        <F>13679</F>
      </Row>
      <Row index="2">
        <F>2</F>
        <F>64</F>
        <F>1002265</F>
      </Row>
      <Row index="3">
        <F>3</F>
        <F>78</F>
        <F>144</F>
      </Row>
      <Row index="4">
        <F>4</F>
        <F>79</F>
        <F>203456</F>
      </Row>
      <Row index="5">
        <F>5</F>
        <F>91</F>
        <F>9898</F>
      </Row>
      <Row index="6">
        <F>6</F>
        <F>95</F>
        <F>59297</F>
      </Row>
      <Row index="7">
        <F>7</F>
        <F>98</F>
        <F>1169</F>
      </Row>
      <Row index="8">
        <F>8</F>
        <F>99</F>
        <F>176</F>
      </Row>
      <Row index="9">
        <F>9</F>
        <F>100</F>
        <F>302</F>
      </Row>
      <Row index="10">
        <F>10</F>
        <F>131</F>
        <F>885</F>
      </Row>
      <Row index="11">
        <F>11</F>
        <F>134</F>
        <F>14987</F>
      </Row>
      <Row index="12">
        <F>12</F>
        <F>197</F>
        <F>12299</F>
      </Row>
      <Row index="13">
        <F>13</F>
        <F>198</F>
        <F>1249</F>
      </Row>
      <Row index="14">
        <F>14</F>
        <F>199</F>
        <F>24636</F>
      </Row>
      <Row index="15">
        <F>15</F>
        <F>204</F>
        <F>255761</F>
      </Row>
      <Row index="16">
        <F>16</F>
        <F>208</F>
        <F>11391</F>
      </Row>
      <Row index="17">
        <F>17</F>
        <F>237</F>
        <F>124560</F>
      </Row>
      <Row index="18">
        <F>18</F>
        <F>341</F>
        <F>16602</F>
      </Row>
      <Row index="19">
        <F>19</F>
        <F>375</F>
        <F>4558</F>
      </Row>
      <Row index="20">
        <F>20</F>
        <F>391</F>
        <F>2673</F>
      </Row>
      <Row index="21">
        <F>21</F>
        <F>446</F>
        <F>449</F>
      </Row>
      <Row index="22">
        <F>22</F>
        <F>452</F>
        <F>65506</F>
      </Row>
      <Row index="23">
        <F>23</F>
        <F>553</F>
        <F>33246</F>
      </Row>
      <Row index="24">
        <F>24</F>
        <F>556</F>
        <F>22034</F>
      </Row>
      <Row index="25">
        <F>25</F>
        <F>557</F>
        <F>148755</F>
      </Row>
      <Row index="26">
        <F>26</F>
        <F>558</F>
        <F>6579</F>
      </Row>
      <Row index="27">
        <F>27</F>
        <F>561</F>
        <F>438</F>
      </Row>
      <Row index="28">
        <F>28</F>
        <F>562</F>
        <F>461</F>
      </Row>
      <Row index="29">
        <F>29</F>
        <F>563</F>
        <F>4062</F>
      </Row>
      <Row index="30">
        <F>30</F>
        <F>565</F>
        <F>53</F>
      </Row>
      <Row index="31">
        <F>31</F>
        <F>567</F>
        <F>16254</F>
      </Row>
      <Row index="32">
        <F>32</F>
        <F>568</F>
        <F>4911</F>
      </Row>
      <Row index="33">
        <F>33</F>
        <F>575</F>
        <F>13634</F>
      </Row>
      <Row index="34">
        <F>34</F>
        <F>578</F>
        <F>2599770</F>
      </Row>
      <Row index="35">
        <F>35</F>
        <F>579</F>
        <F>82686</F>
      </Row>
      <Row index="36">
        <F>36</F>
        <F>581</F>
        <F>241950</F>
      </Row>
      <Row index="37">
        <F>37</F>
        <F>582</F>
        <F>258346</F>
      </Row>
      <Row index="38">
        <F>38</F>
        <F>583</F>
        <F>335407</F>
      </Row>
      <Row index="39">
        <F>39</F>
        <F>584</F>
        <F>112618</F>
      </Row>
    </GDALRasterAttributeTable>
    <Metadata>
      <MDI key="SourceBandIndex">0</MDI>
      <MDI key="STATISTICS_COVARIANCES">48419.5267913342</MDI>
      <MDI key="STATISTICS_MAXIMUM">584</MDI>
      <MDI key="STATISTICS_MEAN">431.33100917656</MDI>
      <MDI key="STATISTICS_MINIMUM">0</MDI>
      <MDI key="STATISTICS_SKIPFACTORX">1</MDI>
      <MDI key="STATISTICS_SKIPFACTORY">1</MDI>
      <MDI key="STATISTICS_STDDEV">220.04437459598</MDI>
    </Metadata>
  </PAMRasterBand>
</PAMDataset>
