<?xml version="1.0" encoding="UTF-8"?>
<metadata xml:lang="en"><Esri><CreaDate>20180418</CreaDate><CreaTime>15402600</CreaTime><ArcGISFormat>1.0</ArcGISFormat><ArcGISstyle>North American Profile of ISO19115 2003</ArcGISstyle><SyncOnce>TRUE</SyncOnce><DataProperties><itemProps><itemLocation><linkage Sync="TRUE">file://\\LAPTOP-FT20URQ5\C$\QWC\CWD\ABM\test\data\ccap_rcl.asc</linkage><protocol Sync="TRUE">Local Area Network</protocol></itemLocation></itemProps><copyHistory><copy source="C:\QWC\CWD\ABM\Land Cover\ccap_rcl.asc" dest="\\LAPTOP-FT20URQ5\C$\QWC\CWD\ABM\test\data\ccap_rcl.asc" date="20180418" time="15402600"></copy></copyHistory></DataProperties></Esri></metadata>
