<?xml version="1.0" encoding="UTF-8"?>
<metadata xml:lang="en"><Esri><CreaDate>20180418</CreaDate><CreaTime>15402600</CreaTime><ArcGISFormat>1.0</ArcGISFormat><ArcGISstyle>North American Profile of ISO19115 2003</ArcGISstyle><SyncOnce>FALSE</SyncOnce><DataProperties><itemProps><itemLocation><linkage Sync="TRUE">file://C:\QWC\CWD\ABM\test\data\ccap_rcl</linkage><protocol Sync="TRUE">Local Area Network</protocol></itemLocation><itemName Sync="TRUE">ccap_rcl</itemName><imsContentType Sync="TRUE">002</imsContentType><nativeExtBox><westBL Sync="TRUE">431328.168178</westBL><eastBL Sync="TRUE">792228.168178</eastBL><southBL Sync="TRUE">128036.909876</southBL><northBL Sync="TRUE">587756.909876</northBL><exTypeCode Sync="TRUE">1</exTypeCode></nativeExtBox></itemProps><copyHistory><copy source="C:\QWC\CWD\ABM\Land Cover\ccap_rcl.asc" dest="\\LAPTOP-FT20URQ5\C$\QWC\CWD\ABM\test\data\ccap_rcl.asc" date="20180418" time="15402600"></copy></copyHistory><coordRef><type Sync="TRUE">Projected</type><geogcsn Sync="TRUE">GCS_North_American_1983</geogcsn><csUnits Sync="TRUE">Linear Unit: Meter (1.000000)</csUnits><projcsn Sync="TRUE">NAD_1983_Hotine_Oblique_Mercator_Azimuth_Natural_Origin</projcsn><peXml Sync="TRUE">&lt;ProjectedCoordinateSystem xsi:type='typens:ProjectedCoordinateSystem' xmlns:xsi='http://www.w3.org/2001/XMLSchema-instance' xmlns:xs='http://www.w3.org/2001/XMLSchema' xmlns:typens='http://www.esri.com/schemas/ArcGIS/10.4'&gt;&lt;WKT&gt;PROJCS[&amp;quot;NAD_1983_Hotine_Oblique_Mercator_Azimuth_Natural_Origin&amp;quot;,GEOGCS[&amp;quot;GCS_North_American_1983&amp;quot;,DATUM[&amp;quot;D_North_American_1983&amp;quot;,SPHEROID[&amp;quot;GRS_1980&amp;quot;,6378137.0,298.257222101]],PRIMEM[&amp;quot;Greenwich&amp;quot;,0.0],UNIT[&amp;quot;Degree&amp;quot;,0.0174532925199433]],PROJECTION[&amp;quot;Hotine_Oblique_Mercator_Azimuth_Natural_Origin&amp;quot;],PARAMETER[&amp;quot;False_Easting&amp;quot;,2546731.496],PARAMETER[&amp;quot;False_Northing&amp;quot;,-4354009.816],PARAMETER[&amp;quot;Scale_Factor&amp;quot;,0.9996],PARAMETER[&amp;quot;Azimuth&amp;quot;,337.25556],PARAMETER[&amp;quot;Longitude_Of_Center&amp;quot;,-86.0],PARAMETER[&amp;quot;Latitude_Of_Center&amp;quot;,45.30916666666666],UNIT[&amp;quot;Meter&amp;quot;,1.0]]&lt;/WKT&gt;&lt;XOrigin&gt;-28810000&lt;/XOrigin&gt;&lt;YOrigin&gt;-30359300&lt;/YOrigin&gt;&lt;XYScale&gt;140069313.95609677&lt;/XYScale&gt;&lt;ZOrigin&gt;-100000&lt;/ZOrigin&gt;&lt;ZScale&gt;10000&lt;/ZScale&gt;&lt;MOrigin&gt;-100000&lt;/MOrigin&gt;&lt;MScale&gt;10000&lt;/MScale&gt;&lt;XYTolerance&gt;0.001&lt;/XYTolerance&gt;&lt;ZTolerance&gt;0.001&lt;/ZTolerance&gt;&lt;MTolerance&gt;0.001&lt;/MTolerance&gt;&lt;HighPrecision&gt;true&lt;/HighPrecision&gt;&lt;/ProjectedCoordinateSystem&gt;</peXml></coordRef><RasterProperties><General><PixelDepth Sync="TRUE">8</PixelDepth><HasColormap Sync="TRUE">FALSE</HasColormap><CompressionType Sync="TRUE">RLE</CompressionType><NumBands Sync="TRUE">1</NumBands><Format Sync="TRUE">GRID</Format><HasPyramids Sync="TRUE">TRUE</HasPyramids><SourceType Sync="TRUE">continuous</SourceType><PixelType Sync="TRUE">unsigned integer</PixelType><NoDataValue Sync="TRUE">255</NoDataValue></General></RasterProperties></DataProperties><SyncDate>20180427</SyncDate><SyncTime>00492400</SyncTime><ModDate>20180427</ModDate><ModTime>00492400</ModTime></Esri><dataIdInfo><envirDesc Sync="TRUE"> Version 6.2 (Build 9200) ; Esri ArcGIS 10.4.0.5524</envirDesc><dataLang><languageCode value="eng" Sync="TRUE"></languageCode><countryCode value="USA" Sync="TRUE"></countryCode></dataLang><idCitation><resTitle Sync="TRUE">ccap_rcl</resTitle><presForm><PresFormCd value="005" Sync="TRUE"></PresFormCd></presForm></idCitation><spatRpType><SpatRepTypCd value="002" Sync="TRUE"></SpatRepTypCd></spatRpType><dataExt><geoEle><GeoBndBox esriExtentType="search"><exTypeCode Sync="TRUE">1</exTypeCode><westBL Sync="TRUE">-86.882242</westBL><eastBL Sync="TRUE">-82.238867</eastBL><northBL Sync="TRUE">45.841635</northBL><southBL Sync="TRUE">41.646989</southBL></GeoBndBox></geoEle></dataExt></dataIdInfo><mdLang><languageCode value="eng" Sync="TRUE"></languageCode><countryCode value="USA" Sync="TRUE"></countryCode></mdLang><mdChar><CharSetCd value="004" Sync="TRUE"></CharSetCd></mdChar><distInfo><distFormat><formatName Sync="TRUE">Raster Dataset</formatName></distFormat></distInfo><mdHrLv><ScopeCd value="005" Sync="TRUE"></ScopeCd></mdHrLv><mdHrLvName Sync="TRUE">dataset</mdHrLvName><refSysInfo><RefSystem><refSysID><identCode code="0" Sync="TRUE"></identCode></refSysID></RefSystem></refSysInfo><spatRepInfo><Georect><cellGeo><CellGeoCd Sync="TRUE" value="002"></CellGeoCd></cellGeo><numDims Sync="TRUE">2</numDims><tranParaAv Sync="TRUE">1</tranParaAv><chkPtAv Sync="TRUE">0</chkPtAv><cornerPts><pos Sync="TRUE">431328.168178 128036.909876</pos></cornerPts><cornerPts><pos Sync="TRUE">431328.168178 587756.909876</pos></cornerPts><cornerPts><pos Sync="TRUE">792228.168178 587756.909876</pos></cornerPts><cornerPts><pos Sync="TRUE">792228.168178 128036.909876</pos></cornerPts><centerPt><pos Sync="TRUE">611778.168178 357896.909876</pos></centerPt><axisDimension type="002"><dimSize Sync="TRUE">4010</dimSize><dimResol><value Sync="TRUE" uom="m">90.000000</value></dimResol></axisDimension><axisDimension type="001"><dimSize Sync="TRUE">5108</dimSize><dimResol><value Sync="TRUE" uom="m">90.000000</value></dimResol></axisDimension><ptInPixel><PixOrientCd Sync="TRUE" value="001"></PixOrientCd></ptInPixel></Georect></spatRepInfo><eainfo><detailed Name="ccap_rcl.vat"><enttyp><enttypl Sync="TRUE">ccap_rcl.vat</enttypl><enttypt Sync="TRUE">Table</enttypt><enttypc Sync="TRUE">7</enttypc></enttyp><attr><attrlabl Sync="TRUE">Rowid</attrlabl><attalias Sync="TRUE">Rowid</attalias><attrtype Sync="TRUE">OID</attrtype><attwidth Sync="TRUE">4</attwidth><atprecis Sync="TRUE">0</atprecis><attscale Sync="TRUE">0</attscale><attrdef Sync="TRUE">Internal feature number.</attrdef><attrdefs Sync="TRUE">Esri</attrdefs><attrdomv><udom Sync="TRUE">Sequential unique whole numbers that are automatically generated.</udom></attrdomv></attr><attr><attrlabl Sync="TRUE">VALUE</attrlabl><attalias Sync="TRUE">VALUE</attalias><attrtype Sync="TRUE">Integer</attrtype><attwidth Sync="TRUE">4</attwidth><atprecis Sync="TRUE">0</atprecis><attscale Sync="TRUE">0</attscale></attr><attr><attrlabl Sync="TRUE">COUNT</attrlabl><attalias Sync="TRUE">COUNT</attalias><attrtype Sync="TRUE">Integer</attrtype><attwidth Sync="TRUE">4</attwidth><atprecis Sync="TRUE">0</atprecis><attscale Sync="TRUE">0</attscale></attr></detailed></eainfo><contInfo><ImgDesc><contentTyp><ContentTypCd Sync="TRUE" value="003"></ContentTypCd></contentTyp><covDim><Band><dimDescrp Sync="TRUE">ccap_rcl</dimDescrp><maxVal Sync="TRUE">6.000000</maxVal><minVal Sync="TRUE">0.000000</minVal><bitsPerVal Sync="TRUE">8</bitsPerVal><valUnit><UOM type="length"></UOM></valUnit></Band></covDim></ImgDesc></contInfo><mdDateSt Sync="TRUE">20180427</mdDateSt></metadata>
